<?xml version="1.0" encoding="utf-8"?>
<extension
	type="module"
	version="1.7"
	client="site"
	method="upgrade">
	<name>mod_vetsearch</name>
	<author>Adam Cox</author>
	<creationDate>03/12/2011</creationDate>
	<copyright>Copyright (C) 2011</copyright>
	<license></license>
	<authorEmail>adamdama@hotmail.com</authorEmail>
	<authorUrl>www.adamjcox.co.uk</authorUrl>
	<version>1.7.0</version>
	<description>MOD_VETSEARCH_XML_DESCRIPTION</description>
	<files>
		<filename module="mod_vetsearch">mod_vetsearch.php</filename>
		<folder>tmpl</folder>
		<filename>helper.php</filename>
		<filename>index.html</filename>
		<filename>mod_vetsearch.xml</filename>
	</files>
	<languages folder="site">
		<language tag="en-GB">language/en-GB.mod_vetsearch.ini</language>
		<language tag="en-GB">language/en-GB.mod_vetsearch.sys.ini</language>
	</languages>
	<help key="JHELP_EXTENSIONS_MODULE_MANAGER_VETSEARCH" />
	<config>
		<fields name="params">
			<fieldset name="basic">
				<field
					name="label"
					type="label"
					label="MOD_VETSEARCH_FIELD_LABEL_TEXT_LABEL"
					description="MOD_VETSEARCH_FIELD_LABEL_DESC" />
				<field
					name="paragraph1"
					type="textarea"
					label="MOD_VETSEARCH_FIELD_PARAGRAPH1_LABEL"
					description="MOD_VETSEARCH_FIELD_PARAGRAPH1_DESC" />
				<field
					name="paragraph2"
					type="textarea"
					label="MOD_VETSEARCH_FIELD_PARAGRAPH2_LABEL"
					description="MOD_VETSEARCH_FIELD_PARAGRAPH2_DESC" />
			</fieldset>
		</fields>
	</config>
</extension>